SEP=;
DateTime;CoreBodyTemp [C];TempChangeRate [C/h];TempQuality [1(poor) to 4(excellent)];SkinTemp [C]
12.01.2023 00:00:25;37;;1;32.35
12.01.2023 00:01:25;37;;1;32.8
12.01.2023 00:02:25;37;;1;33.08
12.01.2023 00:03:25;37.12;;1;33.27
12.01.2023 00:04:25;37.2;;1;33.41
12.01.2023 00:05:25;37.26;;1;33.51
12.01.2023 00:06:25;37.31;3.06;2;33.57
12.01.2023 00:07:25;37.36;2.7;2;33.59
12.01.2023 00:08:25;37.39;1.8;2;33.6
12.01.2023 00:09:25;37.42;1.8;2;33.61
12.01.2023 00:10:25;37.44;1.5;2;33.61
12.01.2023 00:11:25;37.47;1.56;3;33.61
12.01.2023 00:12:25;37.49;1.2;3;33.61
12.01.2023 00:13:25;37.5;0.9;3;33.63
12.01.2023 00:14:25;37.52;0.9;3;33.65
12.01.2023 00:15:23;37.52;0.31;3;33.5
12.01.2023 00:16:23;37.53;0.6;3;32.89
12.01.2023 00:17:23;37.53;0;3;32.37
12.01.2023 00:18:23;37.53;-0.3;3;32.3
12.01.2023 00:19:23;37.53;0;3;31.42
12.01.2023 00:20:23;37.53;0.3;3;31.34
12.01.2023 00:21:23;37.53;0;3;31.47
12.01.2023 00:22:23;37.53;0;3;31.67
12.01.2023 00:23:23;37.54;0.6;3;31.73
12.01.2023 00:24:23;37.54;0;3;31.9
12.01.2023 00:25:23;37.53;-0.6;3;32.14
12.01.2023 00:26:23;37.52;-0.6;3;32.38
12.01.2023 00:27:24;37.51;-0.89;3;32.61
12.01.2023 00:28:24;37.49;-0.9;3;32.85
12.01.2023 00:29:24;37.48;-0.9;3;33.06
12.01.2023 00:30:24;37.46;-0.9;3;33.27
12.01.2023 00:31:24;37.44;-1.2;3;33.45
12.01.2023 00:32:24;37.43;-0.9;3;33.61
12.01.2023 00:33:24;37.41;-1.2;3;33.77
12.01.2023 00:34:24;37.39;-1.2;3;33.93
12.01.2023 00:35:24;37.37;-0.84;4;34.08
12.01.2023 00:36:24;37.36;-0.9;4;34.21
12.01.2023 00:37:24;37.34;-1.2;4;34.33
12.01.2023 00:38:24;37.32;-0.9;4;34.45
12.01.2023 00:39:24;37.31;-0.9;4;34.55
12.01.2023 00:40:24;37.29;-0.9;4;34.64
12.01.2023 00:41:24;37.27;-1.2;4;34.73
12.01.2023 00:42:24;37.26;-0.9;4;34.81
12.01.2023 00:43:24;37.25;-0.6;4;34.89
12.01.2023 00:44:24;37.23;-0.9;4;34.98
12.01.2023 00:45:24;37.22;-0.9;4;35.06
12.01.2023 00:46:24;37.2;-0.9;4;35.12
12.01.2023 00:47:24;37.19;-0.6;4;35.08
12.01.2023 00:48:24;37.18;-0.9;4;34.93
12.01.2023 00:49:24;37.17;-0.6;4;34.86
12.01.2023 00:50:24;37.16;-0.6;4;34.84
12.01.2023 00:51:24;37.15;-0.3;4;34.87
12.01.2023 00:52:24;37.14;-0.6;4;34.92
12.01.2023 00:53:24;37.13;-0.6;4;34.98
12.01.2023 00:54:24;37.12;-0.6;4;35.04
12.01.2023 00:55:24;37.11;-0.6;4;35.11
12.01.2023 00:56:24;37.1;-0.6;4;35.17
12.01.2023 00:57:24;37.09;-0.6;4;35.24
12.01.2023 00:58:24;37.08;-0.9;4;35.3
12.01.2023 00:59:24;37.07;-0.6;4;35.36
12.01.2023 01:00:24;37.05;-0.9;4;35.41
12.01.2023 01:01:24;37.04;-0.6;4;35.47
12.01.2023 01:02:24;37.03;-0.6;4;35.52
12.01.2023 01:03:24;37.02;-0.6;4;35.58
12.01.2023 01:04:24;37.01;-0.6;4;35.64
12.01.2023 01:05:24;37.01;-0.3;4;35.69
12.01.2023 01:06:24;37;-0.6;4;35.73
12.01.2023 01:07:24;36.99;-0.6;4;35.78
12.01.2023 01:08:24;36.98;-0.3;4;35.81
12.01.2023 01:09:24;36.97;-0.6;4;35.85
12.01.2023 01:10:24;36.96;-0.6;4;35.88
12.01.2023 01:11:24;36.96;-0.3;4;35.9
12.01.2023 01:12:24;36.95;-0.3;4;35.93
12.01.2023 01:13:24;36.95;-0.3;4;35.92
12.01.2023 01:14:24;36.94;-0.6;4;35.87
12.01.2023 01:15:24;36.93;-0.6;4;35.82
12.01.2023 01:16:24;36.92;-0.6;4;35.79
12.01.2023 01:17:24;36.91;-0.6;4;35.79
12.01.2023 01:18:24;36.9;-0.6;4;35.63
12.01.2023 01:19:24;36.9;0;4;35.25
12.01.2023 01:20:24;36.9;0.3;4;34.95
12.01.2023 01:21:24;36.91;0.6;4;34.73
12.01.2023 01:22:24;36.92;0.3;4;34.59
12.01.2023 01:23:24;36.93;0.6;4;34.53
12.01.2023 01:24:24;36.93;0.3;4;34.56
12.01.2023 01:25:24;36.94;0.3;4;34.63
12.01.2023 01:26:24;36.94;0;4;34.7
12.01.2023 01:27:24;36.94;0.3;4;34.79
12.01.2023 01:28:24;36.94;0;4;34.89
12.01.2023 01:29:24;36.94;0;4;35
12.01.2023 01:30:24;36.94;0;4;35.09
12.01.2023 01:31:24;36.94;0;4;35.17
12.01.2023 01:32:24;36.94;0;4;35.25
12.01.2023 01:33:24;36.95;0.3;4;35.32
12.01.2023 01:34:24;36.95;0;4;35.37
12.01.2023 01:35:24;36.95;0.3;4;35.42
12.01.2023 01:36:24;36.95;0;4;35.47
12.01.2023 01:37:24;36.95;0;4;35.52
12.01.2023 01:38:24;36.96;0.3;4;35.55
12.01.2023 01:39:24;36.95;-0.3;4;35.56
12.01.2023 01:40:24;36.95;0;4;35.58
12.01.2023 01:41:24;36.95;0;4;35.6
12.01.2023 01:42:24;36.95;0;4;35.62
12.01.2023 01:43:24;36.95;0;4;35.65
12.01.2023 01:44:24;36.95;0;4;35.68
12.01.2023 01:45:24;36.95;-0.3;4;35.71
12.01.2023 01:46:24;36.94;-0.3;4;35.73
12.01.2023 01:47:24;36.94;0;4;35.74
12.01.2023 01:48:24;36.94;-0.3;4;35.76
12.01.2023 01:49:24;36.93;-0.3;4;35.8
12.01.2023 01:50:24;36.93;0;4;35.86
12.01.2023 01:51:24;36.93;-0.3;4;35.91
12.01.2023 01:52:24;36.92;-0.3;4;35.93
12.01.2023 01:53:24;36.91;-0.6;4;35.95
12.01.2023 01:54:24;36.9;-0.6;4;35.96
12.01.2023 01:55:24;36.89;-0.6;4;35.98
12.01.2023 01:56:24;36.88;-0.9;4;36.01
12.01.2023 01:57:24;36.87;-0.6;4;36.04
12.01.2023 01:58:24;36.86;-0.6;4;36.06
12.01.2023 01:59:24;36.84;-0.9;4;36.09
12.01.2023 02:00:24;36.83;-0.6;4;36.11
12.01.2023 02:01:24;36.82;-0.6;4;36.11
12.01.2023 02:02:24;36.81;-0.9;4;36.11
12.01.2023 02:03:24;36.8;-0.6;4;36.11
12.01.2023 02:04:24;36.78;-0.9;4;36.11
12.01.2023 02:05:24;36.77;-0.9;4;36.11
12.01.2023 02:06:24;36.75;-0.9;4;36.11
12.01.2023 02:07:24;36.74;-0.9;4;36.12
12.01.2023 02:08:24;36.72;-0.9;4;36.12
12.01.2023 02:09:24;36.71;-0.6;4;36.12
12.01.2023 02:10:24;36.7;-0.6;4;36.12
12.01.2023 02:11:24;36.69;-0.6;4;36.12
12.01.2023 02:12:24;36.68;-0.6;4;36.12
12.01.2023 02:13:24;36.67;-0.6;4;36.12
12.01.2023 02:14:24;36.66;-0.6;4;36.11
12.01.2023 02:15:24;36.66;-0.3;4;36.11
12.01.2023 02:16:24;36.65;-0.3;4;36.11
12.01.2023 02:17:24;36.65;-0.3;4;36.11
12.01.2023 02:18:24;36.65;0;4;36.11
12.01.2023 02:19:24;36.65;0;4;36.11
12.01.2023 02:20:24;36.64;-0.6;4;36.1
12.01.2023 02:21:24;36.63;-0.3;4;36.1
12.01.2023 02:22:24;36.63;-0.3;4;36.1
12.01.2023 02:23:24;36.62;-0.3;4;36.09
12.01.2023 02:24:24;36.62;-0.3;4;36.09
12.01.2023 02:25:24;36.61;-0.3;4;36.09
12.01.2023 02:26:24;36.61;-0.3;4;36.09
12.01.2023 02:27:24;36.61;0;4;36.09
12.01.2023 02:28:24;36.6;-0.3;4;36.08
12.01.2023 02:29:24;36.6;0;4;36.08
12.01.2023 02:30:24;36.6;-0.3;4;36.08
12.01.2023 02:31:24;36.6;0;4;36.08
12.01.2023 02:32:24;36.6;0;4;36.08
12.01.2023 02:33:24;36.59;-0.3;4;36.08
12.01.2023 02:34:24;36.59;0;4;36.07
12.01.2023 02:35:24;36.59;0;4;36.07
12.01.2023 02:36:24;36.59;0;4;36.07
12.01.2023 02:37:24;36.59;0;4;36.06
12.01.2023 02:38:24;36.59;0;4;36.03
12.01.2023 02:39:24;36.59;-0.3;4;35.92
12.01.2023 02:40:24;36.59;0;4;35.82
12.01.2023 02:41:24;36.59;0;4;35.74
12.01.2023 02:42:24;36.59;0;4;35.69
12.01.2023 02:43:24;36.59;0;4;35.65
12.01.2023 02:44:24;36.59;0;4;35.62
12.01.2023 02:45:24;36.59;0;4;35.6
12.01.2023 02:46:24;36.59;0;4;35.58
12.01.2023 02:47:24;36.58;-0.3;4;35.57
12.01.2023 02:48:24;36.58;0;4;35.55
12.01.2023 02:49:24;36.58;0;4;35.54
12.01.2023 02:50:24;36.58;-0.3;4;35.53
12.01.2023 02:51:24;36.58;0;4;35.54
12.01.2023 02:52:24;36.57;-0.3;4;35.57
12.01.2023 02:53:24;36.57;0;4;35.61
12.01.2023 02:54:24;36.57;-0.3;4;35.64
12.01.2023 02:55:24;36.56;-0.3;4;35.67
12.01.2023 02:56:24;36.56;0;4;35.69
12.01.2023 02:57:24;36.56;-0.3;4;35.72
12.01.2023 02:58:24;36.55;-0.3;4;35.74
12.01.2023 02:59:24;36.55;-0.3;4;35.76
12.01.2023 03:00:24;36.54;-0.3;4;35.78
12.01.2023 03:01:24;36.54;-0.3;4;35.79
12.01.2023 03:02:24;36.53;-0.3;4;35.8
12.01.2023 03:03:24;36.53;-0.3;4;35.8
12.01.2023 03:04:24;36.52;-0.3;4;35.8
12.01.2023 03:05:24;36.52;-0.3;4;35.79
12.01.2023 03:06:24;36.51;-0.3;4;35.79
12.01.2023 03:07:24;36.51;0;4;35.78
12.01.2023 03:08:24;36.51;-0.3;4;35.78
12.01.2023 03:09:24;36.51;0;4;35.78
12.01.2023 03:10:24;36.5;-0.3;4;35.78
12.01.2023 03:11:24;36.5;-0.3;4;35.78
12.01.2023 03:12:24;36.5;0;4;35.77
12.01.2023 03:13:24;36.49;-0.3;4;35.77
12.01.2023 03:14:24;36.49;0;4;35.77
12.01.2023 03:15:24;36.49;0;4;35.77
12.01.2023 03:16:24;36.5;0.3;4;35.77
12.01.2023 03:17:24;36.5;0.3;4;35.77
12.01.2023 03:18:24;36.51;0.6;4;35.77
12.01.2023 03:19:24;36.52;0.3;4;35.77
12.01.2023 03:20:24;36.53;0.6;4;35.76
12.01.2023 03:21:24;36.53;0.3;4;35.76
12.01.2023 03:22:24;36.54;0.3;4;35.76
12.01.2023 03:23:24;36.55;0.6;4;35.76
12.01.2023 03:24:24;36.56;0.6;4;35.76
12.01.2023 03:25:24;36.56;0.3;4;35.76
12.01.2023 03:26:24;36.57;0.3;4;35.76
12.01.2023 03:27:24;36.58;0.9;4;35.76
12.01.2023 03:28:24;36.59;0.6;4;35.76
12.01.2023 03:29:24;36.6;0.3;4;35.76
12.01.2023 03:30:24;36.6;0.3;4;35.76
12.01.2023 03:31:24;36.61;0.6;4;35.75
12.01.2023 03:32:24;36.62;0.3;4;35.75
12.01.2023 03:33:24;36.62;0.3;4;35.75
12.01.2023 03:34:24;36.63;0.6;4;35.75
12.01.2023 03:35:24;36.64;0.3;4;35.75
12.01.2023 03:36:24;36.65;0.6;4;35.75
12.01.2023 03:37:24;36.65;0.3;4;35.75
12.01.2023 03:38:24;36.66;0.6;4;35.75
12.01.2023 03:39:24;36.68;0.9;4;35.75
12.01.2023 03:40:24;36.69;0.9;4;35.74
12.01.2023 03:41:24;36.7;0.3;4;35.68
12.01.2023 03:42:24;36.69;-0.3;4;35.62
12.01.2023 03:43:24;36.68;-0.6;4;35.56
12.01.2023 03:44:24;36.67;-0.6;4;35.52
12.01.2023 03:45:24;36.66;-0.6;4;35.5
12.01.2023 03:46:24;36.65;-0.6;4;35.48
12.01.2023 03:47:24;36.64;-0.9;4;35.47
12.01.2023 03:48:24;36.62;-0.9;4;35.46
12.01.2023 03:49:24;36.61;-0.9;4;35.45
12.01.2023 03:50:24;36.6;-0.6;4;35.45
12.01.2023 03:51:24;36.58;-1.2;4;35.45
12.01.2023 03:52:24;36.56;-0.9;4;35.45
12.01.2023 03:53:24;36.55;-0.6;4;35.45
12.01.2023 03:54:24;36.55;-0.3;4;35.45
12.01.2023 03:55:24;36.54;-0.6;4;35.46
12.01.2023 03:56:24;36.53;-0.6;4;35.47
12.01.2023 03:57:24;36.52;-0.3;4;35.49
12.01.2023 03:58:24;36.52;-0.3;4;35.5
12.01.2023 03:59:24;36.51;-0.6;4;35.54
12.01.2023 04:00:24;36.5;-0.3;4;35.58
12.01.2023 04:01:24;36.5;-0.3;4;35.6
12.01.2023 04:02:24;36.49;-0.3;4;35.62
12.01.2023 04:03:24;36.49;-0.3;4;35.65
12.01.2023 04:04:24;36.49;0;4;35.66
12.01.2023 04:05:24;36.49;0;4;35.68
12.01.2023 04:06:24;36.49;0.3;4;35.7
12.01.2023 04:07:24;36.5;0.6;4;35.71
12.01.2023 04:08:24;36.51;0.6;4;35.72
12.01.2023 04:09:24;36.52;0.6;4;35.73
12.01.2023 04:10:24;36.53;0.6;4;35.74
12.01.2023 04:11:24;36.54;0.6;4;35.75
12.01.2023 04:12:24;36.55;0.6;4;35.76
12.01.2023 04:13:24;36.56;0.3;4;35.76
12.01.2023 04:14:24;36.57;0.6;4;35.77
12.01.2023 04:15:24;36.57;0.3;4;35.78
12.01.2023 04:16:24;36.57;0;4;35.79
12.01.2023 04:17:24;36.58;0.3;4;35.8
12.01.2023 04:18:24;36.58;0;4;35.81
12.01.2023 04:19:24;36.57;-0.6;4;35.82
12.01.2023 04:20:24;36.56;-0.3;4;35.82
12.01.2023 04:21:24;36.55;-0.6;4;35.83
12.01.2023 04:22:24;36.55;0;4;35.84
12.01.2023 04:23:24;36.55;-0.3;4;35.85
12.01.2023 04:24:24;36.55;0;4;35.85
12.01.2023 04:25:24;36.54;-0.3;4;35.78
12.01.2023 04:26:24;36.53;-0.6;4;35.66
12.01.2023 04:27:24;36.53;-0.3;4;35.56
12.01.2023 04:28:24;36.52;-0.6;4;35.49
12.01.2023 04:29:24;36.51;-0.3;4;35.43
12.01.2023 04:30:24;36.51;-0.3;4;35.39
12.01.2023 04:31:24;36.5;-0.3;4;35.35
12.01.2023 04:32:24;36.5;-0.3;4;35.32
12.01.2023 04:33:24;36.49;-0.3;4;35.3
12.01.2023 04:34:24;36.49;-0.3;4;35.28
12.01.2023 04:35:24;36.48;-0.3;4;35.27
12.01.2023 04:36:24;36.48;-0.3;4;35.26
12.01.2023 04:37:24;36.47;-0.3;4;35.26
12.01.2023 04:38:24;36.47;-0.3;4;35.26
12.01.2023 04:39:24;36.46;-0.3;4;35.25
12.01.2023 04:40:24;36.46;-0.3;4;35.25
12.01.2023 04:41:24;36.45;-0.3;4;35.24
12.01.2023 04:42:24;36.45;-0.3;4;35.26
12.01.2023 04:43:24;36.44;-0.3;4;35.3
12.01.2023 04:44:24;36.44;-0.3;4;35.35
12.01.2023 04:45:24;36.44;0;4;35.39
12.01.2023 04:46:24;36.43;-0.3;4;35.41
12.01.2023 04:47:24;36.43;0;4;35.44
12.01.2023 04:48:24;36.43;-0.3;4;35.46
12.01.2023 04:49:24;36.42;-0.3;4;35.49
12.01.2023 04:50:24;36.42;0;4;35.51
12.01.2023 04:51:24;36.42;0;4;35.52
12.01.2023 04:52:24;36.42;0;4;35.54
12.01.2023 04:53:24;36.42;0;4;35.55
12.01.2023 04:54:24;36.42;-0.3;4;35.56
12.01.2023 04:55:24;36.41;-0.3;4;35.57
12.01.2023 04:56:24;36.41;0;4;35.58
12.01.2023 04:57:24;36.41;-0.3;4;35.59
12.01.2023 04:58:24;36.41;0;4;35.59
12.01.2023 04:59:24;36.4;-0.3;4;35.6
12.01.2023 05:00:25;36.4;-0.3;4;35.61
12.01.2023 05:01:25;36.4;0;4;35.61
12.01.2023 05:02:25;36.4;0;4;35.63
12.01.2023 05:03:25;36.4;0;4;35.66
12.01.2023 05:04:25;36.4;0;4;35.67
12.01.2023 05:05:25;36.4;0;4;35.67
12.01.2023 05:06:25;36.39;-0.3;4;35.67
12.01.2023 05:07:25;36.39;0;4;35.64
12.01.2023 05:08:25;36.39;0;4;35.56
12.01.2023 05:09:25;36.4;0.3;4;35.47
12.01.2023 05:10:25;36.4;0;4;35.4
12.01.2023 05:11:25;36.4;0;4;35.32
12.01.2023 05:12:25;36.4;0;4;35.26
12.01.2023 05:13:25;36.4;0.3;4;35.19
12.01.2023 05:14:25;36.4;0;4;35.14
12.01.2023 05:15:25;36.4;0;4;35.1
12.01.2023 05:16:25;36.41;0.3;4;35.05
12.01.2023 05:17:25;36.41;0;4;35.02
12.01.2023 05:18:25;36.41;0;4;34.98
12.01.2023 05:19:25;36.41;0;4;34.95
12.01.2023 05:20:25;36.41;0.3;4;34.92
12.01.2023 05:21:25;36.41;0;4;34.9
12.01.2023 05:22:25;36.42;0.3;4;34.88
12.01.2023 05:23:25;36.42;0;4;34.93
12.01.2023 05:24:25;36.42;0.3;4;35.01
12.01.2023 05:25:25;36.42;0;4;35.09
12.01.2023 05:26:25;36.42;0;4;35.19
12.01.2023 05:27:25;36.42;0;4;35.3
12.01.2023 05:28:25;36.42;0;4;35.4
12.01.2023 05:29:25;36.42;0;4;35.49
12.01.2023 05:30:25;36.43;0.3;4;35.56
12.01.2023 05:31:25;36.43;0;4;35.63
12.01.2023 05:32:25;36.43;0.3;4;35.69
12.01.2023 05:33:25;36.43;0;4;35.74
12.01.2023 05:34:25;36.43;0;4;35.79
12.01.2023 05:35:25;36.43;0;4;35.82
12.01.2023 05:36:25;36.43;0;4;35.81
12.01.2023 05:37:25;36.43;0;4;35.73
12.01.2023 05:38:25;36.44;0.3;4;35.67
12.01.2023 05:39:25;36.44;0;4;35.63
12.01.2023 05:40:25;36.44;0.3;4;35.6
12.01.2023 05:41:25;36.44;0;4;35.57
12.01.2023 05:42:25;36.44;0;4;35.55
12.01.2023 05:43:25;36.45;0.3;4;35.53
12.01.2023 05:44:25;36.45;0;4;35.53
12.01.2023 05:45:25;36.45;0;4;35.54
12.01.2023 05:46:25;36.45;0;4;35.54
12.01.2023 05:47:25;36.45;0;4;35.54
12.01.2023 05:48:25;36.45;0;4;35.55
12.01.2023 05:49:25;36.45;0;4;35.55
12.01.2023 05:50:25;36.45;0;4;35.55
12.01.2023 05:51:25;36.45;0;4;35.55
12.01.2023 05:52:25;36.45;0.3;4;35.55
12.01.2023 05:53:25;36.45;0;4;35.55
12.01.2023 05:54:25;36.46;0.3;4;35.55
12.01.2023 05:55:25;36.46;0.3;4;35.55
12.01.2023 05:56:25;36.47;0.3;4;35.55
12.01.2023 05:57:25;36.48;0.6;4;35.54
12.01.2023 05:58:25;36.49;0.6;4;35.54
12.01.2023 05:59:25;36.49;0.3;4;35.53
12.01.2023 06:00:25;36.5;0.6;4;35.53
12.01.2023 06:01:25;36.51;0.6;4;35.52
12.01.2023 06:02:25;36.52;0.6;4;35.52
12.01.2023 06:03:25;36.53;0.3;4;35.52
12.01.2023 06:04:25;36.54;0.6;4;35.52
12.01.2023 06:05:25;36.55;0.6;4;35.52
12.01.2023 06:06:25;36.54;-0.3;4;35.52
12.01.2023 06:07:25;36.54;0;4;35.51
12.01.2023 06:08:25;36.53;-0.6;4;35.51
12.01.2023 06:09:25;36.52;-0.6;4;35.51
12.01.2023 06:10:25;36.51;-0.6;4;35.5
12.01.2023 06:11:25;36.51;-0.3;4;35.5
12.01.2023 06:12:25;36.5;-0.6;4;35.5
12.01.2023 06:13:25;36.49;-0.3;4;35.5
12.01.2023 06:14:25;36.48;-0.6;4;35.49
12.01.2023 06:15:25;36.48;-0.3;4;35.49
12.01.2023 06:16:25;36.47;-0.3;4;35.49
12.01.2023 06:17:25;36.47;-0.3;4;35.46
12.01.2023 06:18:25;36.47;0;4;35.44
12.01.2023 06:19:25;36.47;0;4;35.44
12.01.2023 06:20:25;36.47;0;4;35.45
12.01.2023 06:21:25;36.47;0;4;35.46
12.01.2023 06:22:25;36.47;0;4;35.47
12.01.2023 06:23:25;36.47;0;4;35.48
12.01.2023 06:24:25;36.47;0;4;35.49
12.01.2023 06:25:25;36.47;0.3;4;35.5
12.01.2023 06:26:25;36.47;0;4;35.51
12.01.2023 06:27:25;36.47;0;4;35.52
12.01.2023 06:28:25;36.47;-0.3;4;35.53
12.01.2023 06:29:25;36.47;0;4;35.54
12.01.2023 06:30:25;36.47;0;4;35.55
12.01.2023 06:31:25;36.47;0;4;35.56
12.01.2023 06:32:25;36.47;0;4;35.57
12.01.2023 06:33:25;36.47;0.3;4;35.56
12.01.2023 06:34:25;36.48;0.3;4;35.56
12.01.2023 06:35:25;36.48;0.3;4;35.55
12.01.2023 06:36:25;36.49;0.3;4;35.55
12.01.2023 06:37:25;36.48;-0.3;4;35.55
12.01.2023 06:38:25;36.48;0;4;35.56
12.01.2023 06:39:25;36.49;0.3;4;35.56
12.01.2023 06:40:25;36.49;0.3;4;35.56
12.01.2023 06:41:25;36.5;0.3;4;35.56
12.01.2023 06:42:25;36.5;0.3;4;35.56
12.01.2023 06:43:25;36.51;0.3;4;35.56
12.01.2023 06:44:25;36.51;0;4;35.57
12.01.2023 06:45:25;36.51;0;4;35.57
12.01.2023 06:46:25;36.51;0;4;35.58
12.01.2023 06:47:25;36.51;0.3;4;35.58
12.01.2023 06:48:25;36.51;0;4;35.58
12.01.2023 06:49:25;36.51;-0.3;4;35.59
12.01.2023 06:50:25;36.51;0;4;35.59
12.01.2023 06:51:25;36.5;-0.3;4;35.6
12.01.2023 06:52:25;36.5;-0.3;4;35.6
12.01.2023 06:53:25;36.49;-0.3;4;35.61
12.01.2023 06:54:25;36.49;0;4;35.53
12.01.2023 06:55:25;36.49;0;4;35.46
12.01.2023 06:56:25;36.49;0;4;35.42
12.01.2023 06:57:25;36.49;-0.3;4;35.39
12.01.2023 06:58:25;36.49;0;4;35.38
12.01.2023 06:59:25;36.48;-0.3;4;35.36
12.01.2023 07:00:25;36.48;0;4;35.35
12.01.2023 07:01:25;36.48;-0.3;4;35.34
12.01.2023 07:02:25;36.48;0;4;35.34
12.01.2023 07:03:25;36.47;-0.3;4;35.33
12.01.2023 07:04:25;36.47;0;4;35.32
12.01.2023 07:05:25;36.47;-0.3;4;35.32
12.01.2023 07:06:25;36.47;0;4;35.32
12.01.2023 07:07:25;36.47;0;4;35.32
12.01.2023 07:08:25;36.46;-0.3;4;35.32
12.01.2023 07:09:25;36.47;0.3;4;35.32
12.01.2023 07:10:25;36.48;0.6;4;35.32
12.01.2023 07:11:25;36.48;0.3;4;35.32
12.01.2023 07:12:25;36.49;0.6;4;35.32
12.01.2023 07:13:25;36.5;0.3;4;35.32
12.01.2023 07:14:25;36.51;0.6;4;35.32
12.01.2023 07:15:25;36.51;0.3;4;35.34
12.01.2023 07:16:25;36.52;0.6;4;35.35
12.01.2023 07:17:25;36.53;0.3;4;35.36
12.01.2023 07:18:25;36.54;0.6;4;35.37
12.01.2023 07:19:25;36.54;0;4;35.37
12.01.2023 07:20:25;36.54;0.3;4;35.25
12.01.2023 07:21:25;36.54;-0.3;4;35.23
12.01.2023 07:22:25;36.53;-0.3;4;35.24
12.01.2023 07:23:25;36.53;-0.3;4;35.26
12.01.2023 07:24:25;36.52;-0.6;4;35.28
12.01.2023 07:25:25;36.51;-0.3;4;35.31
12.01.2023 07:26:25;36.5;-0.6;4;35.33
12.01.2023 07:27:25;36.5;-0.3;4;35.36
12.01.2023 07:28:25;36.49;-0.3;4;35.38
12.01.2023 07:29:25;36.49;-0.3;4;35.4
12.01.2023 07:30:25;36.48;-0.3;4;35.42
12.01.2023 07:31:25;36.48;-0.3;4;35.45
12.01.2023 07:32:25;36.48;0;4;35.46
12.01.2023 07:33:25;36.48;0;4;35.48
12.01.2023 07:34:25;36.48;0;4;35.5
12.01.2023 07:35:25;36.47;-0.3;4;35.52
12.01.2023 07:36:25;36.47;-0.3;4;35.53
12.01.2023 07:37:25;36.46;-0.3;4;35.54
12.01.2023 07:38:25;36.46;-0.3;4;35.55
12.01.2023 07:39:25;36.45;-0.3;4;35.56
12.01.2023 07:40:25;36.45;-0.3;4;35.58
12.01.2023 07:41:25;36.45;0;4;35.59
12.01.2023 07:42:25;36.45;0.3;4;35.6
12.01.2023 07:43:25;36.45;0;4;35.61
12.01.2023 07:44:25;36.46;0.3;4;35.62
12.01.2023 07:45:25;36.46;0.3;4;35.63
12.01.2023 07:46:25;36.46;0;4;35.64
12.01.2023 07:47:25;36.46;0;4;35.65
12.01.2023 07:48:25;36.47;0.6;4;35.64
12.01.2023 07:49:25;36.47;0;4;35.63
12.01.2023 07:50:25;36.48;0.3;4;35.65
12.01.2023 07:51:25;36.48;0.3;4;35.63
12.01.2023 07:52:25;36.49;0.3;4;35.58
12.01.2023 07:53:25;36.49;0;4;35.51
12.01.2023 07:54:25;36.49;0;4;35.45
12.01.2023 07:55:25;36.49;0;4;35.38
12.01.2023 07:56:25;36.49;0;4;35.32
12.01.2023 07:57:25;36.48;-0.3;4;35.26
12.01.2023 07:58:25;36.48;0;4;35.21
12.01.2023 07:59:25;36.48;0;4;35.17
12.01.2023 08:00:25;36.48;0;4;35.13
12.01.2023 08:01:25;36.49;0.3;4;35.09
12.01.2023 08:02:25;36.49;0.3;4;35.06
12.01.2023 08:03:25;36.5;0.3;4;35.03
12.01.2023 08:04:25;36.5;0.3;4;35
12.01.2023 08:05:25;36.5;0;4;34.98
12.01.2023 08:06:25;36.51;0.6;4;34.95
12.01.2023 08:07:25;36.52;0.3;4;34.93
12.01.2023 08:08:25;36.52;0;4;34.91
12.01.2023 08:09:25;36.52;0.3;4;34.89
12.01.2023 08:10:25;36.53;0.6;4;34.87
12.01.2023 08:11:25;36.54;0.6;4;34.86
12.01.2023 08:12:25;36.55;0.6;4;34.84
12.01.2023 08:13:25;36.56;0.3;4;34.83
12.01.2023 08:14:25;36.56;0.3;4;34.82
12.01.2023 08:15:25;36.56;0;4;34.8
12.01.2023 08:16:25;36.56;0;4;34.79
12.01.2023 08:17:25;36.56;0;4;34.78
12.01.2023 08:18:25;36.57;0.3;4;34.77
12.01.2023 08:19:25;36.58;0.6;4;34.8
12.01.2023 08:20:25;36.58;0.3;4;34.8
12.01.2023 08:21:25;36.6;0.9;4;34.84
12.01.2023 08:22:25;36.61;0.6;4;34.9
12.01.2023 08:23:25;36.62;0.9;4;34.96
12.01.2023 08:24:25;36.64;0.9;4;35.03
12.01.2023 08:25:25;36.65;0.9;4;35.03
12.01.2023 08:26:25;36.67;0.9;4;35.04
12.01.2023 08:27:25;36.67;0.3;4;35.05
12.01.2023 08:28:25;36.67;0;4;35.07
12.01.2023 08:29:25;36.67;0;4;35.08
12.01.2023 08:30:25;36.67;-0.3;4;35.09
12.01.2023 08:31:25;36.66;-0.3;4;35.1
12.01.2023 08:32:25;36.66;0;4;35.1
12.01.2023 08:33:25;36.66;0;4;35.1
12.01.2023 08:34:25;36.66;-0.3;4;35.12
12.01.2023 08:35:25;36.66;0;4;35.14
12.01.2023 08:36:25;36.65;-0.3;4;35.13
12.01.2023 08:37:25;36.65;-0.3;4;35.12
12.01.2023 08:38:25;36.64;-0.3;4;35.11
12.01.2023 08:39:25;36.64;0;4;35.1
12.01.2023 08:40:25;36.64;0;4;35.09
12.01.2023 08:41:25;36.66;0.9;4;35.1
12.01.2023 08:42:25;36.67;0.9;4;35.17
12.01.2023 08:43:25;36.69;0.9;4;35.25
12.01.2023 08:44:25;36.7;0.9;4;35.32
12.01.2023 08:45:25;36.72;0.9;4;35.39
12.01.2023 08:46:25;36.73;0.9;4;35.44
12.01.2023 08:47:25;36.74;0.6;4;35.47
12.01.2023 08:48:25;36.75;0.6;4;35.5
12.01.2023 08:49:25;36.77;0.9;4;35.52
12.01.2023 08:50:25;36.77;0.3;4;35.55
12.01.2023 08:51:25;36.78;0.6;4;35.54
12.01.2023 08:52:25;36.79;0.6;4;35.55
12.01.2023 08:53:25;36.8;0.6;4;35.58
12.01.2023 08:54:25;36.81;0.6;4;35.61
12.01.2023 08:55:25;36.82;0.3;4;35.65
12.01.2023 08:56:25;36.82;0.3;4;35.68
12.01.2023 08:57:25;36.83;0.3;4;35.65
12.01.2023 08:58:25;36.82;-0.3;4;35.62
12.01.2023 08:59:25;36.81;-0.6;4;35.6
12.01.2023 09:00:25;36.8;-0.6;4;35.58
12.01.2023 09:01:25;36.79;-0.6;4;35.55
12.01.2023 09:02:25;36.78;-0.9;4;35.53
12.01.2023 09:03:25;36.77;-0.3;4;35.54
12.01.2023 09:04:25;36.77;-0.3;4;35.54
12.01.2023 09:05:25;36.76;-0.3;4;35.57
12.01.2023 09:06:25;36.76;-0.3;4;35.62
12.01.2023 09:07:25;36.76;0;4;35.68
12.01.2023 09:08:25;36.76;0.3;4;35.71
12.01.2023 09:09:25;36.77;0.3;4;35.73
12.01.2023 09:10:25;36.77;0;4;35.76
12.01.2023 09:11:25;36.76;-0.3;4;35.79
12.01.2023 09:12:25;36.76;0;4;35.82
12.01.2023 09:13:25;36.76;0;4;35.84
12.01.2023 09:14:25;36.76;0;4;35.85
12.01.2023 09:15:25;36.76;-0.3;4;35.83
12.01.2023 09:16:25;36.76;0;4;35.8
12.01.2023 09:17:25;36.76;0;4;35.77
12.01.2023 09:18:25;36.76;0;4;35.74
12.01.2023 09:19:25;36.76;0;4;35.7
12.01.2023 09:20:25;36.76;0;4;35.67
12.01.2023 09:21:25;36.77;0.6;4;35.65
12.01.2023 09:22:25;36.77;0;4;35.62
12.01.2023 09:23:25;36.78;0.6;4;35.59
12.01.2023 09:24:25;36.78;0;4;35.57
12.01.2023 09:25:25;36.78;0.3;4;35.55
12.01.2023 09:26:25;36.78;0;4;35.53
12.01.2023 09:27:25;36.78;0;4;35.52
12.01.2023 09:28:25;36.78;-0.3;4;35.52
12.01.2023 09:29:25;36.78;0;4;35.51
12.01.2023 09:30:25;36.78;0.3;4;35.5
12.01.2023 09:31:25;36.78;-0.3;4;35.49
12.01.2023 09:32:25;36.78;0;4;35.49
12.01.2023 09:33:26;36.77;-0.3;4;35.49
12.01.2023 09:34:26;36.76;-0.6;4;35.48
12.01.2023 09:35:26;36.76;-0.3;4;35.48
12.01.2023 09:36:26;36.75;-0.3;4;35.47
12.01.2023 09:37:26;36.75;-0.3;4;35.48
12.01.2023 09:38:26;36.74;-0.3;4;35.47
12.01.2023 09:39:26;36.74;-0.3;4;35.47
12.01.2023 09:40:26;36.74;0;4;35.47
12.01.2023 09:41:26;36.73;-0.3;4;35.48
12.01.2023 09:42:26;36.73;0;4;35.48
12.01.2023 09:43:26;36.73;0;4;35.48
12.01.2023 09:44:26;36.73;0;4;35.49
12.01.2023 09:45:26;36.74;0.3;4;35.49
12.01.2023 09:46:26;36.74;0.3;4;35.49
12.01.2023 09:47:26;36.75;0.3;4;35.5
12.01.2023 09:48:26;36.75;0.3;4;35.5
12.01.2023 09:49:26;36.76;0.3;4;35.5
12.01.2023 09:50:26;36.76;0;4;35.5
12.01.2023 09:51:26;36.76;0;4;35.5
12.01.2023 09:52:26;36.76;0;4;35.5
12.01.2023 09:53:26;36.75;-0.3;4;35.5
12.01.2023 09:54:26;36.74;-0.6;4;35.51
12.01.2023 09:55:26;36.74;0;4;35.4
12.01.2023 09:56:26;36.74;0;4;35.3
12.01.2023 09:57:26;36.74;-0.3;4;35.31
12.01.2023 09:58:26;36.73;-0.6;4;35.35
12.01.2023 09:59:26;36.72;-0.6;4;35.39
12.01.2023 10:00:26;36.71;-0.6;4;35.44
12.01.2023 10:01:26;36.7;-0.6;4;35.47
12.01.2023 10:02:26;36.69;-0.6;4;35.47
12.01.2023 10:03:26;36.68;-0.3;4;35.46
12.01.2023 10:04:26;36.67;-0.6;4;35.45
12.01.2023 10:05:26;36.66;-0.6;4;35.44
12.01.2023 10:06:26;36.66;-0.3;4;35.43
12.01.2023 10:07:26;36.65;-0.3;4;35.42
12.01.2023 10:08:26;36.65;-0.3;4;35.41
12.01.2023 10:09:26;36.65;0;4;35.42
12.01.2023 10:10:26;36.65;0;4;35.49
12.01.2023 10:11:26;36.65;0;4;35.56
12.01.2023 10:12:26;36.65;0.3;4;35.64
12.01.2023 10:13:26;36.66;0.3;4;35.71
12.01.2023 10:14:26;36.66;0.3;4;35.77
12.01.2023 10:15:26;36.67;0.6;4;35.82
12.01.2023 10:16:26;36.67;0;4;35.87
12.01.2023 10:17:26;36.68;0.3;4;35.91
12.01.2023 10:18:26;36.69;0.6;4;35.95
12.01.2023 10:19:26;36.69;0;4;35.99
12.01.2023 10:20:26;36.69;0.3;4;35.99
12.01.2023 10:21:26;36.7;0.3;4;35.97
12.01.2023 10:22:26;36.7;0;4;35.93
12.01.2023 10:23:26;36.7;0;4;35.9
12.01.2023 10:24:26;36.7;0.3;4;35.85
12.01.2023 10:25:26;36.71;0.3;4;35.8
12.01.2023 10:26:26;36.71;0.3;4;35.75
12.01.2023 10:27:26;36.71;0;4;35.71
12.01.2023 10:28:26;36.71;0;4;35.67
12.01.2023 10:29:26;36.72;0.3;4;35.63
12.01.2023 10:30:26;36.72;0.3;4;35.6
12.01.2023 10:31:26;36.72;0;4;35.57
12.01.2023 10:32:26;36.72;0;4;35.54
12.01.2023 10:33:26;36.73;0.3;4;35.54
12.01.2023 10:34:26;36.73;0;4;35.55
12.01.2023 10:35:26;36.73;0.3;4;35.57
12.01.2023 10:36:26;36.74;0.3;4;35.58
12.01.2023 10:37:26;36.75;0.9;4;35.59
12.01.2023 10:38:26;36.76;0.3;4;35.6
12.01.2023 10:39:26;36.76;0.3;4;35.61
12.01.2023 10:40:26;36.77;0.6;4;35.62
12.01.2023 10:41:26;36.78;0.6;4;35.63
12.01.2023 10:42:26;36.79;0.3;4;35.59
12.01.2023 10:43:26;36.8;0.6;4;35.54
12.01.2023 10:44:26;36.8;0.3;4;35.49
12.01.2023 10:45:26;36.81;0.3;4;35.46
12.01.2023 10:46:26;36.81;0.3;4;35.44
12.01.2023 10:47:26;36.82;0.3;4;35.43
12.01.2023 10:48:26;36.82;0.3;4;35.42
12.01.2023 10:49:26;36.83;0.3;4;35.41
12.01.2023 10:50:26;36.83;0;4;35.4
12.01.2023 10:51:26;36.83;0;4;35.4
12.01.2023 10:52:26;36.82;-0.3;4;35.4
12.01.2023 10:53:26;36.82;-0.3;4;35.4
12.01.2023 10:54:26;36.81;-0.3;4;35.39
12.01.2023 10:55:26;36.8;-0.6;4;35.4
12.01.2023 10:56:26;36.8;-0.3;4;35.4
12.01.2023 10:57:26;36.79;-0.3;4;35.41
12.01.2023 10:58:26;36.79;0;4;35.42
12.01.2023 10:59:26;36.79;-0.3;4;35.42
12.01.2023 11:00:26;36.79;0;4;35.43
12.01.2023 11:01:26;36.79;0;4;35.43
12.01.2023 11:02:26;36.79;0;4;35.43
12.01.2023 11:03:26;36.79;0;4;35.44
12.01.2023 11:04:26;36.79;0;4;35.45
12.01.2023 11:05:26;36.79;0;4;35.44
12.01.2023 11:06:26;36.79;0.3;4;35.45
12.01.2023 11:07:26;36.79;0;4;35.45
12.01.2023 11:08:26;36.79;0;4;35.46
12.01.2023 11:09:26;36.79;0;4;35.47
12.01.2023 11:10:26;36.8;0.6;4;35.31
12.01.2023 11:11:26;36.8;-0.3;4;35.26
12.01.2023 11:12:26;36.79;-0.6;4;35.29
12.01.2023 11:13:26;36.78;-0.6;4;35.36
12.01.2023 11:14:26;36.78;0;4;35.41
12.01.2023 11:15:26;36.78;0;4;35.46
12.01.2023 11:16:26;36.77;-0.3;4;35.51
12.01.2023 11:17:26;36.77;0;4;35.57
12.01.2023 11:18:26;36.77;0;4;35.62
12.01.2023 11:19:26;36.78;0.3;4;35.66
12.01.2023 11:20:26;36.78;0.3;4;35.71
12.01.2023 11:21:26;36.78;0;4;35.75
12.01.2023 11:22:26;36.79;0.3;4;35.79
12.01.2023 11:23:26;36.79;0.3;4;35.84
12.01.2023 11:24:26;36.8;0.6;4;35.87
12.01.2023 11:25:26;36.81;0.3;4;35.89
12.01.2023 11:26:26;36.81;0.3;4;35.91
12.01.2023 11:27:26;36.81;0;4;35.93
12.01.2023 11:28:26;36.82;0.3;4;35.96
12.01.2023 11:29:26;36.82;0;4;35.98
12.01.2023 11:30:26;36.81;-0.3;4;36
12.01.2023 11:31:26;36.81;0;4;36.02
12.01.2023 11:32:26;36.81;-0.3;4;36.03
12.01.2023 11:33:26;36.8;-0.3;4;36.05
12.01.2023 11:34:26;36.8;0;4;36.08
12.01.2023 11:35:26;36.8;-0.3;4;36.1
12.01.2023 11:36:26;36.8;0;4;36.12
12.01.2023 11:37:26;36.8;0;4;36.14
12.01.2023 11:38:26;36.8;0;4;36.16
12.01.2023 11:39:26;36.8;0;4;36.16
12.01.2023 11:40:26;36.8;0.3;4;36.06
12.01.2023 11:41:26;36.81;0.3;4;35.96
12.01.2023 11:42:26;36.82;0.6;4;35.9
12.01.2023 11:43:26;36.83;0.9;4;35.89
12.01.2023 11:44:26;36.84;0.6;4;35.9
12.01.2023 11:45:26;36.86;0.9;4;35.91
12.01.2023 11:46:26;36.87;0.6;4;35.92
12.01.2023 11:47:26;36.88;0.6;4;35.97
12.01.2023 11:48:26;36.89;0.6;4;35.98
12.01.2023 11:49:26;36.9;0.6;4;36
12.01.2023 11:50:26;36.9;0.3;4;36.03
12.01.2023 11:51:26;36.91;0.6;4;36.06
12.01.2023 11:52:26;36.92;0.6;4;36.02
12.01.2023 11:53:26;36.93;0.3;4;35.95
12.01.2023 11:54:26;36.94;0.6;4;35.94
12.01.2023 11:55:26;36.95;0.6;4;35.96
12.01.2023 11:56:26;36.95;0.3;4;36.01
12.01.2023 11:57:26;36.96;0.6;4;36.06
12.01.2023 11:58:26;36.97;0.3;4;36.06
12.01.2023 11:59:26;36.97;0;4;35.46
12.01.2023 12:00:26;36.95;-1.2;4;35.08
12.01.2023 12:01:26;36.93;-0.9;4;34.81
12.01.2023 12:02:26;36.92;-0.6;4;34.59
12.01.2023 12:03:26;36.92;-0.3;4;34.42
12.01.2023 12:04:26;36.92;0;4;34.27
12.01.2023 12:05:26;36.92;0;4;34.19
12.01.2023 12:06:26;36.92;0;4;34.19
12.01.2023 12:07:26;36.92;0.3;4;34.16
12.01.2023 12:08:26;36.92;0;4;34.14
12.01.2023 12:09:26;36.93;0.3;4;34.1
12.01.2023 12:10:26;36.93;0;4;34.02
12.01.2023 12:11:26;36.92;-0.36;3;33.92
12.01.2023 12:12:26;36.92;0;3;33.74
12.01.2023 12:13:26;36.93;0.3;3;33.6
12.01.2023 12:14:26;36.93;0;3;33.48
12.01.2023 12:15:26;36.93;0.3;3;33.4
12.01.2023 12:16:26;36.94;0.3;3;33.38
12.01.2023 12:17:26;36.95;0.6;3;33.3
12.01.2023 12:18:26;36.95;0.3;3;33.24
12.01.2023 12:19:26;36.96;0.3;3;33.16
12.01.2023 12:20:26;36.96;0;3;32.96
12.01.2023 12:21:26;36.96;0.3;3;32.77
12.01.2023 12:22:26;36.97;0.3;3;32.72
12.01.2023 12:23:26;36.97;0.3;3;32.69
12.01.2023 12:24:26;36.98;0.6;3;32.7
12.01.2023 12:25:26;36.99;0.3;3;32.76
12.01.2023 12:26:26;37;0.6;3;32.83
12.01.2023 12:27:26;37;0.3;3;32.9
12.01.2023 12:28:26;37.01;0.6;3;32.94
12.01.2023 12:29:26;37.02;0.3;3;32.93
12.01.2023 12:30:26;37.02;0.3;3;32.97
12.01.2023 12:31:26;37.03;0.3;3;33.09
12.01.2023 12:32:26;37.03;0.3;3;33.2
12.01.2023 12:33:26;37.04;0.3;3;33.3
12.01.2023 12:34:26;37.04;0.3;3;33.4
12.01.2023 12:35:26;37.04;0;3;33.49
12.01.2023 12:36:26;37.04;0;3;33.57
12.01.2023 12:37:26;37.04;0;3;33.64
12.01.2023 12:38:26;37.04;0;3;33.72
12.01.2023 12:39:26;37.04;0;3;33.8
12.01.2023 12:40:26;37.04;-0.3;3;33.87
12.01.2023 12:41:26;37.04;0;3;33.94
12.01.2023 12:42:26;37.03;-0.3;3;34
12.01.2023 12:43:26;37.03;-0.24;4;34.05
12.01.2023 12:44:26;37.02;-0.3;4;34.1
12.01.2023 12:45:26;37.02;-0.3;4;34.15
12.01.2023 12:46:26;37.01;-0.6;4;34.18
12.01.2023 12:47:26;37;-0.6;4;34.22
12.01.2023 12:48:26;36.99;-0.6;4;34.26
12.01.2023 12:49:26;36.98;-0.6;4;34.3
12.01.2023 12:50:26;36.97;-0.6;4;34.34
12.01.2023 12:51:26;36.96;-0.3;4;34.4
12.01.2023 12:52:26;36.96;-0.3;4;34.46
12.01.2023 12:53:26;36.95;-0.3;4;34.5
12.01.2023 12:54:26;36.95;-0.3;4;34.55
12.01.2023 12:55:26;36.94;-0.3;4;34.6
12.01.2023 12:56:26;36.94;-0.3;4;34.62
12.01.2023 12:57:26;36.94;0;4;34.54
12.01.2023 12:58:26;36.93;-0.3;4;34.46
12.01.2023 12:59:26;36.93;0;4;34.36
12.01.2023 13:00:26;36.93;0;4;34.25
12.01.2023 13:01:26;36.94;0.3;4;34.13
12.01.2023 13:02:26;36.94;0.3;4;34.09
12.01.2023 13:03:26;36.94;0;4;34.12
12.01.2023 13:04:26;36.95;0.3;4;34.24
12.01.2023 13:05:26;36.95;0;4;34.34
12.01.2023 13:06:26;36.95;0.3;4;34.41
12.01.2023 13:07:26;36.95;0;4;34.48
12.01.2023 13:08:26;36.96;0.3;4;34.53
12.01.2023 13:09:26;36.96;0;4;34.6
12.01.2023 13:10:26;36.96;0;4;34.66
12.01.2023 13:11:26;36.95;-0.3;4;34.7
12.01.2023 13:12:26;36.95;0;4;34.75
12.01.2023 13:13:26;36.94;-0.6;4;34.77
12.01.2023 13:14:26;36.94;-0.3;4;34.76
12.01.2023 13:15:26;36.93;-0.3;4;34.72
12.01.2023 13:16:26;36.93;-0.3;4;34.57
12.01.2023 13:17:26;36.93;0.3;4;34.43
12.01.2023 13:18:26;36.94;0.3;4;34.36
12.01.2023 13:19:26;36.94;0.3;4;34.37
12.01.2023 13:20:26;36.95;0.6;4;34.4
12.01.2023 13:21:26;36.96;0.3;4;34.46
12.01.2023 13:22:26;36.96;0.3;4;34.54
12.01.2023 13:23:26;36.97;0.3;4;34.66
12.01.2023 13:24:26;36.97;0.3;4;34.76
12.01.2023 13:25:26;36.98;0.3;4;34.84
12.01.2023 13:26:26;36.98;0.3;4;34.93
12.01.2023 13:27:26;36.99;0.3;4;35.03
12.01.2023 13:28:26;36.99;0;4;35.09
12.01.2023 13:29:26;36.99;0.3;4;35.09
12.01.2023 13:30:26;36.99;0;4;35.08
12.01.2023 13:31:26;36.99;0;4;35.07
12.01.2023 13:32:26;36.99;0;4;35.06
12.01.2023 13:33:26;36.99;0;4;35.02
12.01.2023 13:34:26;36.99;0;4;34.99
12.01.2023 13:35:26;36.99;;1;34.08
12.01.2023 13:36:26;36.99;0.18;4;33.63
12.01.2023 13:37:26;37.01;0.84;3;33.57
12.01.2023 13:38:26;37.01;0.3;3;33.63
12.01.2023 13:39:26;37.01;;1;33.06
12.01.2023 13:40:26;37.02;0.72;3;32.83
12.01.2023 13:41:26;37.01;-0.9;3;32.79
12.01.2023 13:42:26;37;-0.6;3;32.64
12.01.2023 13:43:26;36.98;-0.9;3;32.56
12.01.2023 13:44:26;36.97;-0.6;3;32.4
12.01.2023 13:45:26;36.97;0;3;32.24
12.01.2023 13:46:26;36.98;0.3;3;32.16
12.01.2023 13:47:26;36.98;0.3;3;32.23
12.01.2023 13:48:26;36.99;0.6;3;32.3
12.01.2023 13:49:26;37;0.3;3;32.37
12.01.2023 13:50:26;37.01;0.6;3;32.49
12.01.2023 13:51:26;37.02;0.6;3;32.37
12.01.2023 13:52:26;37.02;0.3;3;32.22
12.01.2023 13:53:26;37.03;0.3;3;32.21
12.01.2023 13:54:26;37.03;0.3;3;32.11
12.01.2023 13:55:26;37.04;0.3;3;32.1
12.01.2023 13:56:26;37.04;0;3;31.98
12.01.2023 13:57:26;37.04;0;3;31.96
12.01.2023 13:58:26;37.04;0;3;31.86
12.01.2023 13:59:26;37.04;0;3;31.87
12.01.2023 14:00:26;37.03;-0.3;3;31.84
12.01.2023 14:01:26;37.03;-0.3;3;31.9
12.01.2023 14:02:26;;;;31.84
12.01.2023 14:03:26;37.03;2221.98;3;31.87
12.01.2023 14:04:26;37.04;0.3;3;31.9
12.01.2023 14:05:26;37.04;0.3;3;31.88
12.01.2023 14:06:26;37.05;0.6;3;31.92
12.01.2023 14:07:26;37.06;0.3;3;31.97
12.01.2023 14:08:26;37.06;0.3;3;32.02
12.01.2023 14:09:26;37.07;0.6;3;32.06
12.01.2023 14:10:26;37.08;0.3;3;32.11
12.01.2023 14:11:26;37.08;0.3;3;32.13
12.01.2023 14:12:26;37.08;0;3;32.24
12.01.2023 14:13:26;37.09;0.3;3;32.32
12.01.2023 14:14:26;37.09;0;3;32.43
12.01.2023 14:15:26;37.09;0;3;32.35
12.01.2023 14:16:26;37.09;0;3;32.34
12.01.2023 14:17:26;37.09;0;3;32.38
12.01.2023 14:18:26;37.09;0.3;3;32.52
12.01.2023 14:19:26;37.09;-0.3;3;32.45
12.01.2023 14:20:26;37.09;0;3;32.44
12.01.2023 14:21:26;37.09;0;3;32.51
12.01.2023 14:22:26;37.09;0;3;32.62
12.01.2023 14:23:26;;;;32.43
12.01.2023 14:24:26;37.08;2224.68;3;32.46
12.01.2023 14:25:26;37.08;0;3;32.46
12.01.2023 14:26:26;;;;31.77
12.01.2023 14:27:26;37.08;2224.68;3;31.81
12.01.2023 14:28:26;37.09;0.6;3;31.92
12.01.2023 14:29:26;37.1;0.6;3;31.84
12.01.2023 14:30:26;37.1;0.3;3;31.67
12.01.2023 14:31:26;37.11;0.3;3;31.56
12.01.2023 14:32:26;37.11;0;3;31.49
12.01.2023 14:33:26;37.11;0;3;31.42
12.01.2023 14:34:26;37.1;-0.3;3;31.37
12.01.2023 14:35:26;37.1;-0.3;3;31.38
12.01.2023 14:36:26;37.09;-0.6;3;31.43
12.01.2023 14:37:26;37.08;-0.3;3;31.46
12.01.2023 14:38:26;37.08;-0.3;3;31.4
12.01.2023 14:39:26;37.07;-0.6;3;31.42
12.01.2023 14:40:26;37.06;-0.3;3;31.38
12.01.2023 14:41:26;37.06;-0.3;3;31.33
12.01.2023 14:42:26;37.05;-0.3;3;31.39
12.01.2023 14:43:26;37.05;-0.3;3;31.39
12.01.2023 14:44:26;37.04;-0.3;3;31.42
12.01.2023 14:45:26;37.04;0;3;31.52
12.01.2023 14:46:26;37.04;-0.3;3;31.67
12.01.2023 14:47:26;37.04;0;3;31.88
12.01.2023 14:48:26;37.04;0;3;32.07
12.01.2023 14:49:26;37.03;-0.3;3;32.19
12.01.2023 14:50:26;37.03;0;3;32.32
12.01.2023 14:51:26;37.03;0;3;32.45
12.01.2023 14:52:26;37.03;0;3;32.59
12.01.2023 14:53:26;37.03;-0.3;3;32.73
12.01.2023 14:54:26;37.03;0;3;32.85
12.01.2023 14:55:26;37.03;0;3;32.96
12.01.2023 14:56:26;37.03;0;3;33.08
12.01.2023 14:57:26;37.03;0;3;33.23
12.01.2023 14:58:26;37.03;0;3;33.37
12.01.2023 14:59:26;37.02;-0.3;3;33.5
12.01.2023 15:00:26;37.02;0;3;33.61
12.01.2023 15:01:26;37.02;-0.3;3;33.71
12.01.2023 15:02:26;37.02;0;3;33.81
12.01.2023 15:03:26;37.02;0;3;33.91
12.01.2023 15:04:27;37.02;0;3;33.98
12.01.2023 15:05:27;37.02;0.06;4;34.05
12.01.2023 15:06:27;37.02;0;4;34.11
12.01.2023 15:07:27;37.02;0;4;34.16
12.01.2023 15:08:27;37.02;0;4;34.21
12.01.2023 15:09:27;37.02;0;4;34.27
12.01.2023 15:10:27;37.01;-0.3;4;34.32
12.01.2023 15:11:27;37.01;0;4;34.36
12.01.2023 15:12:27;37.01;0;4;34.41
12.01.2023 15:13:27;37.01;0;4;34.47
12.01.2023 15:14:27;37.01;0;4;34.53
12.01.2023 15:15:27;37.01;0;4;34.6
12.01.2023 15:16:27;37.01;-0.3;4;34.68
12.01.2023 15:17:27;37.01;0;4;34.73
12.01.2023 15:18:27;37.01;0;4;34.78
12.01.2023 15:19:27;37.01;0.3;4;34.83
12.01.2023 15:20:27;37.02;0.3;4;34.88
12.01.2023 15:21:27;37.03;0.6;4;34.94
12.01.2023 15:22:27;37.03;0.3;4;34.99
12.01.2023 15:23:27;37.04;0.6;4;35.05
12.01.2023 15:24:27;37.05;0.3;4;35.12
12.01.2023 15:25:27;37.06;0.6;4;35.18
12.01.2023 15:26:27;37.07;0.9;4;35.22
12.01.2023 15:27:27;37.09;0.9;4;35.26
12.01.2023 15:28:27;37.11;1.2;4;35.3
12.01.2023 15:29:27;37.12;0.6;4;35.35
12.01.2023 15:30:27;37.13;0.9;4;35.38
12.01.2023 15:31:27;37.14;0.6;4;35.41
12.01.2023 15:32:27;37.15;0.6;4;35.44
12.01.2023 15:33:27;37.16;0.3;4;35.46
12.01.2023 15:34:27;37.17;0.9;4;35.49
12.01.2023 15:35:27;37.18;0.3;4;35.51
12.01.2023 15:36:27;37.18;0.3;4;35.51
12.01.2023 15:37:27;37.19;0.3;4;35.51
12.01.2023 15:38:27;37.2;0.6;4;35.52
12.01.2023 15:39:27;37.21;0.9;4;35.52
12.01.2023 15:40:27;37.22;0.6;4;35.52
12.01.2023 15:41:27;37.23;0.6;4;35.5
12.01.2023 15:42:27;37.24;0.6;4;35.49
12.01.2023 15:43:27;37.25;0.6;4;35.47
12.01.2023 15:44:27;37.26;0.3;4;35.47
12.01.2023 15:45:27;37.27;0.9;4;35.46
12.01.2023 15:46:27;37.28;0.3;4;35.48
12.01.2023 15:47:27;37.29;0.6;4;35.49
12.01.2023 15:48:27;37.3;0.6;4;35.49
12.01.2023 15:49:27;37.31;0.9;4;35.49
12.01.2023 15:50:27;37.33;0.9;4;35.48
12.01.2023 15:51:27;37.33;0.3;4;35.48
12.01.2023 15:52:27;37.35;0.9;4;35.47
12.01.2023 15:53:27;37.35;0;4;35.46
12.01.2023 15:54:27;37.35;0;4;35.46
12.01.2023 15:55:27;37.35;0;4;35.45
12.01.2023 15:56:27;37.34;-0.3;4;35.45
12.01.2023 15:57:27;37.34;0;4;35.42
12.01.2023 15:58:27;37.31;-1.8;4;35.35
12.01.2023 15:59:27;37.3;-0.9;4;35.09
12.01.2023 16:00:27;37.28;-1.2;4;34.99
12.01.2023 16:01:27;37.26;-1.2;4;35
12.01.2023 16:02:27;37.23;-1.5;4;35.03
12.01.2023 16:03:27;37.21;-1.2;4;34.99
12.01.2023 16:04:27;37.19;-1.5;4;34.98
12.01.2023 16:05:27;37.16;-1.5;4;34.95
12.01.2023 16:06:27;37.15;-0.9;4;34.96
12.01.2023 16:07:27;37.13;-0.9;4;34.96
12.01.2023 16:08:27;37.12;-0.6;4;34.96
12.01.2023 16:09:27;37.11;-0.6;4;34.97
12.01.2023 16:10:27;37.11;-0.3;4;34.98
12.01.2023 16:11:27;37.1;-0.3;4;34.98
12.01.2023 16:12:27;37.1;-0.3;4;34.99
12.01.2023 16:13:27;37.1;0;4;35
12.01.2023 16:14:27;37.09;-0.3;4;35
12.01.2023 16:15:27;37.09;0;4;35.01
12.01.2023 16:16:27;37.09;-0.3;4;35.03
12.01.2023 16:17:27;37.09;0;4;35.09
12.01.2023 16:18:27;37.09;0.3;4;35.15
12.01.2023 16:19:27;37.09;0;4;35.19
12.01.2023 16:20:27;37.1;0.3;4;35.26
12.01.2023 16:21:27;37.1;;1;34.97
12.01.2023 16:22:27;37.1;0.18;4;34.99
12.01.2023 16:23:27;37.09;-0.6;4;35.04
12.01.2023 16:24:27;37.07;-0.9;4;35.1
12.01.2023 16:25:27;37.06;-0.6;4;35.15
12.01.2023 16:26:27;37.05;-0.6;4;35.21
12.01.2023 16:27:27;37.05;-0.3;4;35.26
12.01.2023 16:28:27;37.04;-0.3;4;35.32
12.01.2023 16:29:27;37.04;-0.3;4;35.36
12.01.2023 16:30:27;37.03;-0.6;4;35.38
12.01.2023 16:31:27;37.02;-0.3;4;35.42
12.01.2023 16:32:27;37.02;-0.3;4;35.46
12.01.2023 16:33:27;37.01;-0.6;4;35.51
12.01.2023 16:34:27;37;-0.3;4;35.39
12.01.2023 16:35:27;36.99;-0.6;4;35.33
12.01.2023 16:36:27;36.97;-1.2;4;35.3
12.01.2023 16:37:27;36.95;-1.2;4;35.28
12.01.2023 16:38:27;36.93;-1.2;4;35.26
12.01.2023 16:39:27;36.91;-1.5;4;35.26
12.01.2023 16:40:27;36.88;-1.5;4;35.26
12.01.2023 16:41:27;36.86;-1.2;4;35.26
12.01.2023 16:42:27;36.84;-1.2;4;35.23
12.01.2023 16:43:27;36.82;-1.5;4;35.23
12.01.2023 16:44:27;36.8;-0.9;4;35.23
12.01.2023 16:45:27;36.79;-0.9;4;35.22
12.01.2023 16:46:27;36.77;-0.9;4;35.21
12.01.2023 16:47:27;36.75;-1.2;4;35.22
12.01.2023 16:48:27;36.74;-0.9;4;35.23
12.01.2023 16:49:27;36.72;-1.2;4;35.25
12.01.2023 16:50:27;36.7;-1.2;4;35.27
12.01.2023 16:51:27;36.67;-1.5;4;35.31
12.01.2023 16:52:27;36.66;-0.9;4;35.32
12.01.2023 16:53:27;36.64;-0.9;4;35.33
12.01.2023 16:54:27;36.62;-1.2;4;35.34
12.01.2023 16:55:27;36.61;-0.9;4;35.35
12.01.2023 16:56:27;36.58;-1.5;4;35.36
12.01.2023 16:57:27;36.58;-0.3;4;35.54
12.01.2023 16:58:27;36.58;0.3;4;35.55
12.01.2023 16:59:27;36.59;0.6;4;35.54
12.01.2023 17:00:27;36.61;0.9;4;35.54
12.01.2023 17:01:27;36.63;1.2;4;35.54
12.01.2023 17:02:27;36.64;0.9;4;35.55
12.01.2023 17:03:27;36.66;0.9;4;35.47
12.01.2023 17:04:27;36.67;0.9;4;35.44